,query,id,precision
0,"штраф за неисполнение требования, содержащегося в исполнительном листе",1379,1.0
23,штраф за непредставление сведений для осуществления налогового контроля,1122,1.0
42,штрафы по контракту закупки,250,1.0
45,штраф за сведения пфр,1272,0.75
48,штрафы пени по налогам взносам,1126,1.3333333333333333
51,штрафы за вред федеральным дорогам,729,1.0
52,штраф за передачу исполнительного лица,1556,1.0
57,штрафы за нарушение законодательства об инвалидах,75,1.0
63,штрафные санкции омс,1270,0.75
72,штраф за нарушение работы с денежной наличностью,1115,1.0
87,штраф за нарушение закона персональных данных,798,1.0
99,штраф 1000,457,1.0
115,штраф оператора электронный площадки,290,1.0
116,штрафы за сайты,822,1.0
117,штраф проживание в рф без регистрации места жительства,1561,1.0
134,штраф за нарушение срока предоставления сведений о закрытии счета в банке,1120,0.7142857142857143
138,штрафы за самовольное занятие,194,1.5
143,штраф с арендатора,403,1.0
146,штраф по бюджетному кредиту,1140,1.0
159,штраф за непредоставление,88,1.0
169,штрафы за обязательные периодические медицинские осмотры,626,1.0
173,штрафы по поставке товара,1055,1.0
177,штраф за незаконную рубку деревьев,384,1.0
180,штраф за нарушение правил водных биологических ресурсов,415,1.0
187,штраф за нефть,229,1.0
195,штраф без регистрационного знака,761,1.0
199,штраф за нарушение процедуры торгов,325,1.0
200,штрафы за регистрацию тс,1583,1.0
202,штрафы ценообразование,918,1.0
211,штраф за поставку,489,1.0
219,штраф за уклонение от исполнение требований доступности для инвалидов,462,0.8
234,штраф на должностное лицо документы,1364,1.0
266,"штрафы за нарушение законодательства в сфере закупок товаров, работ, услуг",248,1.0
268,штраф за пользование недрами с нарушением условий предусмотренных лицензией на пользование недрами,200,0.75
286,штраф на пассажира,565,1.0
292,"штрафы за утрату, порчу паспорта",1570,1.0
305,штраф за несвоевременную подачу постановки на учет,430,1.0
314,штраф регистрация ИП,979,1.0
322,штрафные санкции продажи алкогольной продукции,950,0.75
326,штраф за нарушение сроков постановки на учет в налоговый орган,1118,1.0
344,штрафы за использование земельного участка не по целевому назначению,340,1.0
345,штрафы за нарушение законодательства о выборах,20,1.0
350,Штраф знак о запрете курения,173,1.0
353,штраф за нарушение правил санитарной безопасности,395,1.0
358,штрафы по чрезвычайным ситуациям,1646,1.0
360,штраф за невнесение платы за негативное воздействие,419,1.0
364,штраф за уклонение заказчика от заключения контракта,254,0.75
382,штраф за нарушение санитарного законодательства,126,1.0
395,штрафы за пользование объектами животного мира,208,1.0
396,штраф пфр документы,1272,0.75
399,штраф за обман потребителя,920,1.0
400,штраф за ненадлежащее,1532,1.0
409,штраф за нарушение санитарных требований,128,1.0
416,штраф от кадастровой,1036,1.0
419,штраф за нарушение правил остановки,705,1.0
422,штрафы за водоснабжение,230,1.0
433,штраф за нарушение сохранности объекта культурного наследия,221,0.8
446,штраф за самовольное подключение к водоотведению,230,1.0
454,штраф за причинение легкого вреда здоровью,740,1.0
458,штрафы за осуществление торговой деятельности,1053,1.0
465,штраф за загрязнение окружающей среды,417,1.0
469,штрафы по электронному документообороту,294,1.0
472,штраф срока постановки на учет в налоговом органе,1118,1.0
476,штраф скорость,664,1.0
481,штраф за навязывание дополнительных услуг по страховке,1274,0.75
484,штраф добровольный,1434,1.0
485,штраф по договору услуг,848,1.0
489,ШТРАФ ЗА НАРУШЕНИЕ ТРЕБОВАНИЙ К ЗНАКУ О ЗАПРЕТЕ КУРЕНИЯ,173,0.8
492,штраф поставщику,254,1.0
494,штраф за самовольное подключение газа,229,1.0
495,штрафные санкции полученный с электронной площадки,293,0.75
498,штраф за нарушение декларирования продукции,1138,1.0
502,штраф за нарушение за нарушение порядка ведения кассовых операций,1115,0.8333333333333334
503,штраф о контрактной системе в сфере закупок товаров,248,1.0
512,штраф за место для инвалида,75,1.0
525,штраф врача,134,1.0
533,штрафы за привлечение иностранного лица,1427,1.0
535,штраф за наличные,1311,1.0
545,штрафы перевозчика,624,1.0
549,штраф за отказ в доступе,1518,1.0
556,штрафные санкции за невыполнение обязательств по договору,57,0.75
558,штраф в валюте,1197,1.0
571,штраф на должностное лицо налоги,1518,1.0
572,штраф за неисполнение исполнительного листа,1379,1.0
577,штраф как способ обеспечения,248,1.0
586,штраф за проведение лотереи,81,1.0
587,штраф за нарушение порядка проведения специальной оценки условий труда,1094,1.0
596,штрафы в сфере нарушения трудового законодательства,42,0.75
599,штраф за нарушение правил ведения учета,1282,1.0
604,штраф за нарушение кредит,1148,1.0
613,штраф за нарушение пожарной,1636,1.0
615,штрафы о законе о курении,171,1.0
620,штраф за нарушение правил пожарной безопасности в лесу,398,1.0
632,штраф за использование земельного участка не по назначению,340,1.0
646,штрафы жкх,825,1.0
654,штраф индивидуальному предпринимателю как юридическому лицу,1111,1.0
655,штраф трудовые споры,60,1.0
667,штраф за нарушение СОУТ,1094,1.0
677,штраф за незаконную рубку,384,1.0
679,штрафы по охране природы,416,1.0
684,штрафы для целей налогообложения,1243,1.0
696,штраф за незаконное получение кредита или займа,932,0.75
725,штраф за самовольную рубку,384,1.0
726,штраф по исполнительному листу,1379,1.0
728,штраф за неисполнение государственного контракта,1101,1.0
731,штраф на прицеп,618,1.0
734,штраф за нарушение придорожных полос,611,1.0
754,штраф за нарушение лицензируемой деятельности,435,1.0
768,штраф судебного пристава,1359,1.0
776,штрафы федерального казначейства,1167,1.0
782,штрафы персоналу,1524,1.0
785,штрафы за маркировку,1074,1.0
791,штраф за использование герба РФ,1555,1.0
806,штрафные санкции фсс рф,1266,0.8333333333333334
824,штраф медицинские изделия,180,1.0
827,штраф за непредставление сведений об изменении сведений о руководителе,1712,0.8
829,штраф по взносам,1121,1.0
830,штрафы с недобросовестных поставщиков,287,1.0
846,штраф на водителя,778,1.0
847,штрафные санкции за неисполнение обязательство по оплате,1112,0.75
851,штрафы за нарушение учета драг. металлов,1558,0.75
863,штраф управляющей компании,1248,1.0
888,штраф нарушение срока налогового расчёта,1121,1.0
890,штрафы за животных,392,1.0
900,штраф несвоевременное представление формы,1533,1.0
907,штраф за нарушение условий гос. контракта,1096,0.75
913,штраф за по месту пребывания\,1561,1.0
922,штрафы за предрейсовый осмотр водителей,626,1.0
923,штраф при встречной,685,1.0
932,штраф за ввод объекта без разрешения,458,1.0
939,штраф банкротство,933,1.0
948,штрафы операторам,864,1.0
949,штраф за ненадлежащее исполнение государственного контракта,1101,1.0
958,штраф за вред дорогам,729,1.0
963,штраф за отказ от заключения договора,56,1.0
966,штраф за неисполнение решения,2,1.0
971,штраф за нарушение порядка хранения и сроков документов,90,1.0
989,"штрафы при строительстве, реконструкции",444,1.0
993,штраф за передачу транспортного средства пьяному,660,0.75
1007,штраф на головной,1101,1.0
1009,штраф родителям,61,1.0
1043,штраф изолятор,1556,1.0
1046,штраф за нарушение РАБОТЫ НА КАССЕ,1115,1.0
1047,"штрафы за нарушение законодательства Российской Федерации о контрактной системе в сфере закупок товаров, работ, услуг для обеспечения государственных и муниципальных нужд""",248,1.0
1051,штрафы в государственные фонды,1129,1.5
1053,штрафные с акции,1247,1.0
1059,штраф депозитария,1248,1.0
1064,штраф площадка,290,1.0
1067,штраф от заключения договора по 223-фз,1274,0.8
1077,штраф за размещение информации,825,1.0
1080,штраф за уклонение от заключения государственного контракта,254,1.0
1081,штраф за причинение вреда автомобильным дорогам,729,0.75
1085,штрафы за нарушение порядка кассовых операций,1115,1.0
1091,штраф за езду,733,1.0
1096,штраф по правам потребителей,922,1.0
1097,штраф основание,326,1.0
1100,штраф если без права управления транспортного средства,656,1.0
1119,штраф за остановки под знак,713,1.0
1120,штраф за хищение,244,1.0
1122,штраф за финансового отчета,112,1.0
1123,Штраф за злоупотребление доминирующим положением,1000,1.0
1138,штраф за подделку документов,1585,1.0
1148,штраф легализация,1231,1.0
1156,штраф за ограничение конкуренции,926,1.0
1178,штраф аудит,119,1.0
1182,штраф территориальный фонд,1267,1.0
1186,штраф опасный производственный,431,1.0
1199,штрафы в области безопасности дорожного движения,772,0.75
1207,штраф за нарушение законодательства о государственной регистрации,979,0.75
1258,штрафные санкции за нарушение правил регистрации по месту жительства,1563,0.8333333333333334
1267,штраф за ведение бюджетной сметы,1157,1.0
1270,штраф стоянка транспортного средства инвалид,75,0.75
1292,штрафы за нарушение сроков возврата денежных средств по аукциону,290,0.8333333333333334
1296,штрафы по фсс рф,1266,1.0
1297,штрафы за нарушение охраны недр,345,1.0
1298,штраф нарушение правил привлечения иностранных работников,1427,0.8
1300,штраф временная регистрация по месту проживания,1569,0.75
1303,штраф по сделке,328,1.0
1304,штраф за нарушение ПДД пешеходом,754,1.0
1305,штраф обучающемуся,92,1.0
1308,штрафные санкции за неисполнение решения суда,1229,0.75
1318,штраф за неисполнение суда,1229,1.0
1319,штрафы по договорам реализации,1433,1.0
1329,штраф за отсутствие регистрации граждан по месту пребывания,1561,0.8
1333,штраф за пользование недрами без лицензии,199,1.0
1352,штраф недобросовестный,1026,1.0
1359,штраф за имущество,227,1.0
1363,штрафы по условиям договора,1096,1.0
1368,штраф стоянка тс инвалид,75,0.75
1370,штрафной характер,1377,1.0
1383,штраф за нарушение правил пожарной безопасности в лесах,398,1.0
1384,штраф за нарушение рекламных конструкций,1042,1.3333333333333333
1386,штраф страховые взносы счет,1127,1.0
1392,штраф за дороги,771,1.0
1416,штраф за невыполнение обязательств по коллективному договору,57,1.0
1430,штраф за несвоевременное представление расчета по страховым взносам,1121,0.8
1438,штраф за осуществление предпринимательской деятельности без государственной регистрации или без специального разрешения (лицензии),866,0.75
1445,штраф за стоянку на остановке,75,1.0
1466,штрафные санкции за нарушение порядка работы с денежной наличностью,1115,0.8333333333333334
1478,штрафы за нарушения в области охраны труда,49,0.75
1481,штраф самоуправство,1441,1.0
1487,Штрафы за нарушение перечисления страховых взносов,1126,1.0
1502,штраф за нарушение требований жилищного законодательства,307,1.0
1507,штраф за переоформление,327,1.0
1513,штрафы по субсидиям,1154,1.0
1517,штрафы в 2016 за нарушения в работе с кассой,1115,0.75
1519,штрафы за нарушения правил на маломерном судне,567,0.75
1546,штраф сотрудников в организации,1616,1.0
1564,штраф за нарушение норм охраны труда,49,0.75
1565,штрафные санкции исполнителю при заключении контракте,254,0.75
1571,штрафы по просроченную задолженность,1104,1.0
1589,штраф за машину,440,1.0
1593,штраф за эксплуатацию объекта без разрешения на ввод,458,1.0
1599,штраф за уклонение от заключения контракта контракта,254,0.75
1601,штрафы за интернет,850,1.0
1609,штрафы за рубку,384,1.0
1616,штраф за мелкое хищение,244,1.0
1621,штраф грузовому автомобилю,583,1.0
1640,штраф за нарушение осаго,779,0.8
1648,штраф за самовольное занятие земельного участка,194,1.25
1656,штрафы за не соблюдение требований промышленной безопасности опасных производственных объектов,431,0.8571428571428571
1660,штраф за нарушение требований пожарной безопасности,1636,1.0
1663,штраф за нарушение срока работ,306,1.0
1674,штраф за мелкое хулиганство,1618,1.0
1680,штрафы за нарушение правил управления маломерным судном,559,0.8
1682,штрафы и пени страхование,1126,1.0
1688,штраф за нарушение карантинных правил,505,1.0
1694,штраф за необоснованный отказ,56,1.0
1708,штраф за нарушение правил защиты информации,800,0.75
1714,штраф приставов,1359,1.0
1721,штраф за нарушение санитарно-эпидемиологических,128,1.0
1724,штрафные санкции за нарушение норм трудового законодательства,42,0.8
1725,штраф на члена комиссии,7,1.0
1742,штрафы за нарушение законодательства о промышленной безопасности,1290,0.75
1746,штраф за непредоставление информации в антимонопольный орган,1543,1.0
1757,штраф за нарушение порядка работы с денежной наличностью. ведения кассовых операций,1115,1.0
1759,штраф за нецелевое использование,1139,1.0
1760,штраф за негативное воздействие на окружающую природную среду,419,0.8
1763,штраф за Порча земель,337,1.0
1766,штрафы в иностранных договорах,1433,1.0
1767,штрафы для юридических лиц закупки,308,1.0
1789,штраф долевое участие,992,1.0
1795,штраф за тяжеловесные и крупногабаритные,570,1.0
1801,штраф за нарушение правил безопасности на воде,565,0.75
1817,штраф за персональные данные,798,1.0
1834,"штраф за ознакомление со списком избирателей, участников референдум",0,1.0
1852,штраф перевозка тяжеловесных грузов,570,1.0
1854,штраф за смету,1157,1.0
1859,штраф за недостоверную информацию в реестр,404,1.0
1868,штраф за подкуп,20,1.0
1877,штраф за нарушение охоты,409,1.0
1893,штраф за уплату платы за негативное воздействие на окружающую среду,419,0.8333333333333334
1897,штрафы за нарушение закона о политических партиях,120,0.75
1909,штраф янтарь,202,1.0
1911,штраф за хранение,1609,1.0
1915,штраф за лотереи,988,1.0
1917,штраф подделка знаков почтовой оплаты,796,0.75
1926,штраф за нарушение требований тех регламентов,1067,0.75
1929,штраф бухгалтерская отчетность,1130,1.0
1954,штрафы за непрохождение государственного технического осмотра,634,0.75
1981,штраф за неисправные,647,1.0
1990,штраф за хранение оружия,480,1.0
1991,штраф за проведение специальной оценки условий труда,1094,1.0
1993,штраф за нарушение правил пешеходов,754,1.0
1998,штрафы с электронной площадки,290,1.0
2001,штрафы за нарушения при перевозках,734,1.0
2003,"штрафные санкции за нарушение законодательства в сфере закупок товаров, работ, услуг для обеспечения муниципальных нужд",248,0.9090909090909091
2005,штраф за порчу документов,1570,1.0
2013,штраф подрядчику за изменение условий контракта,296,0.75
2020,штраф за нарушение условий лицензии,200,1.0
2042,штраф за нарушение хранения персональных данных,798,1.0
2043,штраф за нарушение предоставления информации кредитной организацией,1120,0.8
2050,ШТРАФ ЗА НАРУШЕНИЕ ПРАВИЛ ПЕРЕВОЗКИ ОПАСНЫХ ГРУЗОВ,728,1.0
2055,штраф регистрация граждан по месту пребывания,1563,1.0
2066,штрафы банков за нарушения,1218,1.0
2069,штрафы за нарушение персональных данных,798,1.0
2072,штраф за нарушения закона о курении,171,1.0
2078,штраф о нарушение срока предоставления информации об открытии счета,1120,0.8333333333333334
2100,штраф за управление транспортным средством без отличительного знака,618,1.0
2105,штраф установленный договором,54,1.0
2111,штрафные санкции за непредоставление первичных статистических данных,823,0.8
2122,штраф за неисполнение судебного,1359,1.0
2129,Штрафы за нарушение норм законодательства,42,1.0
2141,штрафы за нарушение требований бухгалтерского учета,1130,1.0
2155,штрафы за недостоверное декларирование товара,1301,1.0
2172,штраф за причинение вреда средней тяжести,741,1.0
2176,штрафы по услугам,234,1.0
2182,штраф за нарушение в сфере обращения с отходами,987,0.75
2190,штрафы в области промышленной безопасности,431,1.0
2191,штраф организации за нарушение сотрудником,1616,1.0
2201,Штрафные санкции за нарушение Валютного Законодательства РФ и актов,1197,0.7142857142857143
2208,штраф нарушение коммунальные услуги,234,1.0
2214,штраф коммунальные услуги,234,1.0
2230,штрафы за несвоевременную сдачу деклараций и расчетов по налогам и страховым взносам,1121,0.7142857142857143
2232,штраф за нарушение ПЕШЕХОДА,754,1.0
2242,штрафы и пени по налогам и сборам,1126,1.3333333333333333
2253,штраф за нарушение закона о защите прав,1106,0.75
2255,штраф страховая налог,1126,1.5
2263,штраф за грубое нарушение отчетности,1130,1.0
2288,штраф безопасность на опасном производственном,431,1.0
2290,штрафы за нарушение муниципального задания,1165,1.0
2297,штраф за хулиганство,1618,1.0
2302,штрафы за неисполнение государственного оборонного заказа,1101,1.0
2305,штрафы исполнителя заказчика,1100,1.0
2312,Штраф за непредоставление услуг,72,1.0
2328,штраф за ложный вызов,1557,1.0
2329,штраф за незаконное использование наименования россия,1220,0.75
2346,штрафы за нарушения на маломерном судне,567,1.0
2352,штраф за нарушение сроков хранения,1609,1.0
2358,штраф за выдачу товара без разрешения таможенного органа,1317,1.0
2373,штраф за грубое нарушение бухгалтерского учета,1130,1.0
2386,штрафы за нарушение эксплуатации самоходных машин,440,1.0
2388,штраф за нарушение при перевозке груза,714,1.0
2404,штрафы за перевозку тяжеловесных и крупногабаритных грузов,570,1.0
2410,штраф за нарушение правил продажи продовольственных товаров,1051,0.8
2412,штраф за необоснованный отказ от заключения коллективного договора,56,1.0
2426,штрафы за Нарушение законодательства об исполнительном производстве,1373,1.0
2431,"штрафы) за нарушение законодательства Российской Федерации о контрактной системе в сфере закупок товаров,",248,1.0
2440,штраф регистрационный знак,1617,1.0
2446,штраф за неисполнение неимущественного требования,1379,1.3333333333333333
2447,штраф для монополистов,1543,1.0
2475,штраф за стоянку на месте инвалида,75,1.0
2489,штраф за без места жительства,1561,1.0
2504,штраф за использование земель не по назначению,340,1.0
2505,штраф за нарушение порядка согласования сделок,328,1.0
2530,штраф за нарушение авторских прав,210,1.0
2539,штраф за неисполнение обязанности,854,1.0
2541,"штрафные санкции объекта, оказывающего негативное воздействие на окружающую среду",430,0.8571428571428571
2575,штрафы при финансовом контроле,1509,1.0
2579,штраф за нарушение регистрации в фсс,1266,0.8
2582,штрафы для государственных заказчиков,1100,1.0
2587,штраф за невыполнение требований прокурора,1363,1.0
2590,штрафы за нарушение в сфере охраны здоровья,189,1.0
2595,штраф нарушение маркировки пищевой продукции,1076,1.0
2596,штрафы за коллективный договор,56,1.0
2600,штраф за остановку для инвалидов,75,1.0
2615,штраф за преднамеренное банкротство,934,1.0
2637,штраф 2011 административный,1686,1.0
2640,штраф за причинение легкого и среднего вреда здоровью,740,0.8
2659,штрафы новое,134,1.0
2665,штраф инвалид,73,1.0
2666,штраф за проживание без паспорта,1559,1.0
2672,штрафы в бюджет,1139,1.0
2686,штрафы за нарушение должностного лица,1502,1.0
2688,штраф за нецелевое расходование бюджетных средств,1139,0.75
2692,штраф за распитие,1678,1.0
2701,штрафы за нарушение законодательства о рынке ценных бумаг,1261,1.0
2712,ШТРАФ ЗА РЕГИСТРАЦИЮ,1660,1.0
2736,штраф за отсутствие информации о товаре,902,1.0
2768,штраф за нарушение иностранным гражданином режима пребывания в РФ,1396,1.0
2786,штраф в требовании,1636,1.0
2790,штраф за ведение деятельности,1603,1.0
2796,штрафные санкции за нарушение прав потребителя,922,0.75
2817,штраф потребителю,920,1.0
2822,штраф в принудительном порядке,1364,1.0
2851,штраф регистрация по месту проживания,1561,1.0
2857,штрафы за нарушения правил по отходам,367,1.0
2862,штрафы за нарушение правил водопользования,357,1.0
2872,штраф за несвоевременную уплату налога сроки,1340,0.75
2881,штраф законодательства о туризме,1085,1.0
2887,штраф управляющая,614,1.0
2893,штрафы в фондах,1129,2.0
2904,штрафы поселений,220,1.0
2906,штраф не зарегистрированные,632,1.0
2912,штраф за сокрытие несчастного случая учет,1273,0.75
2919,штраф профессионального участника,1248,1.0
2922,штрафные санкции за невнесение платы за негативное воздействие на окружающую среду,419,0.8571428571428571
2935,штраф отчет,88,1.0
2949,штраф на должностное лицо по налоговой проверке,1518,1.0
2952,штраф по игорному,871,1.0
2957,штраф за возврат,1142,1.0
2958,штраф за несвоевременную оплату коммунальных услуг,1229,0.75
2963,штраф за несвоевременное представление статистической формы,1533,1.0
2965,"штрафы за неисполнение, ненадлежащее исполнение контрактов",1101,1.0
2979,штраф за нарушение страховки на транспортное средство,779,0.75
2985,штраф за нарушение стоянки,705,1.0
2989,штраф за нарушение регистрации по месту проживания,1569,1.0
2990,штраф за нарушение перевозки правил людей,734,1.0
3005,штрафы нарушение кандидаты,80,1.0
3010,Штраф за нарушение требований промышленной безопасности,431,1.0
3015,штраф присяжный,1361,1.0
3017,штраф за стандарты раскрытия,464,1.0
3021,штраф за нарушение санитарно-эпидемиологических требований,128,1.0
3024,штраф по исполнительному производству,1373,1.0
3030,штраф за повреждение или срыв пломбы,1442,1.0
3047,штраф за грубое нарушение учета,1130,1.0
3053,штраф за нарушение кассовой,1115,1.0
3056,штраф за использование несертифицированных,791,1.0
3068,штраф за нарушение представления налоговой декларации,1121,1.0
3084,штрафы за нарушение по перечислению налогов,1126,1.3333333333333333
3087,штраф за просрочку сроков подачи декларации,1321,0.75
3089,штрафы за нарушение правил перевозки тяжеловесных грузов,570,1.0
3095,"Штраф за нарушение контрактной системы в сфере закупок товаров, работ, услуг",248,1.0
3102,штраф за потребление алкоголя в общественных местах,1679,0.75
3109,штраф за размещение рекламы,1043,1.0
3112,штраф за нарушение продажи пиротехнических изделий,1650,1.0
3114,штраф за Несвоевременное перечисление средств избирательным комиссиям,26,0.8
3118,штраф за лесных насаждений,384,1.0
3122,штраф за нарушение о закрытии счёта в банке,1120,1.0
3129,Штраф за нарушение правил эксплуатации РЭС,786,0.75
3135,штраф при нарушение оценки труда,1094,1.0
3145,штрафы обращение с отходами,330,1.0
3153,штраф за периодические медицинские осмотры,626,1.0
3158,штраф за продажу алкогольной,950,1.0
3159,штраф за нарушение правил движения тяжеловесными транспортными,722,1.0
3160,Штраф за нарушение законодательства в области обеспечения санитарно-эпидемиологического благополучия населения,126,1.0
3163,штрафы евразийский союз,1310,1.0
3166,штрафы за нарушение требований к установке и (или) эксплуатации рекламной конструкции,1042,1.1666666666666667
3176,штраф при незаконном ввозе товара через таможенную границу,1294,0.8
3179,штраф долевое,992,1.0
3181,штраф за размещение рекламы на транспортном,1044,1.0
3188,"штраф за передачу автомобиля лицу, находящемуся в состоянии опьянения",660,0.8333333333333334
3208,"штрафы за нарушение законодательства Российской Федерации о контрактной системе в сфере закупок товаров, работ, услуг для обеспечения государственных и муниципальных нужд в случае, если закупки товаров, работ, услуг",248,0.8
3217,штраф за непредоставление статистической формы учета перемещения товаров,1533,0.8333333333333334
3241,штраф природа,416,1.0
3254,штраф за грубое нарушение требований бухгалтерского учета,1130,1.0
3261,штрафы за нарушение единства измерений,1574,1.0
3264,штрафные санкции за невнесение платы за негативное воздействие,419,0.8
3283,штраф правила пожарной безопасности в лесах,398,1.0
3285,штрафы по социальному страхованию,1265,1.0
3287,штраф за проживание гражданина РФ без регистрации,1561,1.0
3310,штраф услуг связи,1229,1.0
3315,ШТРАФ ЗА ПЕРЕВОЗКУ БАГАЖА В ТАКСИ,573,1.0
3325,штраф срок исполнения,1126,1.5
3326,Штраф на нарушение о закупках,228,1.0
3343,штраф в контрактной системе,248,1.0
3353,штрафы на обязательное пенсионное,1272,1.0
3378,штраф за нарушение правил охраны водных биологических ресурсов,415,1.0
3383,штраф о нарушение срока предоставления информации об открытии счета налогоплательщиком,1120,0.7142857142857143
3385,штрафы за нарушение законодательства в области охраны памятников,212,0.8
3390,штраф за несвоевременный возврат обеспечения заявки,290,0.75
3420,штраф за регистрацию ФСС,1266,0.75
3439,штрафы за нарушение исполнителем,1067,1.0
3477,штраф в виде товара,947,1.0
3483,штраф за продажу табака,890,1.0
3488,штрафы за транспортную безопасность,584,1.0
3489,штраф - денежный документ,1196,1.0
3492,штрафные санкции за отказ заключения государственного контракта,254,0.8
3502,Штрафы за самовольное подключение к газовым сетям,229,0.75
3526,штраф за реализацию,1073,1.0
3528,штраф за повреждение деревьев,384,1.0
3529,штраф водителя за пользованием телефона,778,1.0
3533,штраф уклонение от исполнения административного наказания,1688,1.0
3547,штрафы за нарушение законодательства в сфере закупок,256,0.75
3557,штрафы уполномоченного органа закупки,1509,1.0
3559,штраф за пользование бюджетным кредитом,1144,1.0
3564,штраф за самовольное использование земельного участка,207,0.75
3569,штраф по договору страхования,1274,1.0
3573,штрафные санкции за неисполнения государственного контракта,1101,0.75
3576,штрафы морские,362,1.0
3584,штрафы за ведение кассовых операций в 2016г,1115,0.75
3588,штрафы за нарушение положения,1645,1.0
3619,штраф доминирующее положение,1000,1.0
3654,штраф какой счет,1124,1.0
3660,штраф за несвоевременное представление налогового расчета,1121,0.75
3676,штраф за нарушение правил продажи алкогольной продукции,952,1.0
3678,штрафы за выбросы,372,1.0
3684,штрафы по перевозке пассажиров легковым такси,573,1.0
3685,штрафа за нарушение уплаты таможенных платежей,1340,0.75
3686,штраф за повреждение или срыв печати,1442,1.0
3700,штраф за нарушение условий труда,1094,1.0
3705,штрафы за нарушение жилищного законодательства,307,1.0
3715,"штраф за возмещение вреда, причиняемого транспортными средствами,",729,1.0
3716,штраф долевое участие в строительстве дома,992,1.0
3740,штрафы за расчет начальной максимальной цены контракта,252,0.8
3754,штраф стоянка инвалид,75,1.0
3762,штраф за нарушение режима пребывания,1396,1.0
3764,Штрафы на рабочем месте,799,1.0
3777,штрафы за пользование имуществом,582,1.0
3784,штраф за бюджетную смету,1157,1.0
3787,штраф банка за открытие счета,1120,1.0
3789,штрафы сетей,455,1.0
3798,штраф за курение в помещении,171,1.0
3809,штраф за осуществление деятельности на рынке ценных бумаг,1261,1.0
3810,"штраф за управление транспортным средством водителем, не имеющим при себе документов, предусмотренных Правилами дорожного движения",639,0.7
3815,штраф за осуществление деятельности без лицензии,875,1.0
3826,штраф за Невнесение в установленные сроки платы за негативное воздействие на окружающую среду,419,1.0
3831,штрафы за неправомерные действия при банкротстве,936,1.0
3857,штрафы за нарушения в общественных местах,1630,1.0
3862,штраф за невывоз товара,1332,1.0
3872,штраф за нарушение ведения образовательной деятельности,1603,1.0
3876,штрафы в микрофинансовых организациях,1230,1.0
3894,штраф с депутата,1346,1.0
3904,ШТРАФ ЗА лицензию,199,1.0
3910,штраф требование неимущественного характера,1379,1.3333333333333333
3915,штрафы для ООО,1194,1.0
3919,штрафы при проживании в гостинице,1048,1.0
3926,штраф о запрете курения,171,1.0
3930,штраф за неисполнение или ненадлежащее исполнение,1112,1.0
3948,штрафы по внутреннему финансовому контролю,1509,1.0
3949,штрафные санкции за нарушения порядка кассовых операций,1115,0.8
3952,штрафы при нарушении правил перевозки грузов,714,1.0
3959,штрафы в туризме,1085,1.0
3972,штраф обеспечении единства измерений,1574,1.0
3975,штрафы за установку рекламных щитов,1042,1.0
3981,штраф за повреждение электрических сетей,455,1.0
3987,штраф за ведение реестра,1179,1.0
4002,штрафы персонифицированный учет,1272,1.0
4019,штраф за нарушение стандартов раскрытия информации,464,1.0
4020,штраф появление в состоянии алкогольного опьянения,1681,0.75
4039,штраф за регистрацию лиц,979,1.0
4049,штрафы при перевозке пассажиров такси,573,1.0
4067,штраф за нарушение ПДД предприниматель,740,0.8
4069,штраф за нарушение требований учет,1130,1.0
4093,штраф за загрязнение среды,417,1.0
4102,штраф технологическое присоединение,481,1.0
4106,штраф за нарушение срока представления сведений об открытии счета в банке,1120,0.8571428571428571
4118,штраф лицу за управление транспортным средством в состоянии алкогольного опьянения,660,0.8571428571428571
4124,штраф за отказ от услуг,1274,1.0
4135,штраф за нарушение охраны водных объектов,355,1.0
4153,штраф персональные,798,1.0
4180,штраф ремень безопасности,655,1.0
4191,штраф и пеня по налогам,1126,1.0
4196,штраф за налоговую декларацию,1121,1.0
4198,штрафы конкуренция,1026,1.0
4200,штрафы за нарушение предоставления бюджетного кредита,1148,1.0
4201,штрафы для участников закупок,292,1.0
4204,штраф по договору оказания услуг,848,1.0
4206,штрафы по гис жкх,825,1.0
4207,штраф за Нарушение правил движения тяжеловесного и (или) крупногабаритного транспортного средства,722,1.0
4215,Штраф за нарушение законодательства РФ о промышленной безопасности,1290,0.8333333333333334
4219,штраф согласно договора оказания услуг,848,0.75
4220,штраф за самовольное занятие участка,194,1.3333333333333333
4221,штрафные санкции за нарушении постановки на учет,1118,0.75
4231,штраф налоговый агент,1127,1.0
4235,штраф в электронном аукционе,292,1.0
4243,штраф за уклонение,1717,1.0
4245,штраф от заказчика подрядчику,288,1.0
4247,штраф идентификации абонента,849,1.0
4260,штраф за нарушение использования персональных данных,798,1.0
4264,штраф по таможенной декларации,1321,1.0
4275,штраф за побои,124,1.0
4276,штраф за нарушение рекламы,884,1.0
4280,штрафы за нарушение закона о государственной регистрации,980,0.75
4281,штраф в отношении несовершеннолетних,163,1.0
4285,штраф за ненадлежащее исполнение,1101,1.0
4286,штрафы за нарушение строительного,440,1.0
4291,штраф не имеющему прав,656,1.0
4299,штрафы предусмотренные за нарушение противопожарной безопасности,1636,0.75
4301,штраф по надзору в сфере транспорта,622,1.0
4310,штраф подключение технологическое,481,1.0
4317,штраф контакт,123,1.0
4323,штраф аренда,327,1.0
4334,штраф нарушение смежных прав,210,1.0
4339,штраф за нарушение строительства,445,1.0
4344,штраф за грубое нарушение,1130,1.0
4384,штрафы по муниципальным закупкам,260,1.0
4398,штраф за отказ,70,1.0
4404,штраф на должностное лицо государственные закупки,1459,0.75
4406,штраф имеют право,656,1.0
4413,штраф за нарушение законодательства о валютном регулировании,1197,0.75
4415,штраф по пенсионному законодательству,1272,1.0
4417,штраф за нарушение режима труда,613,1.0
4422,штрафные санкции за нарушение законодательства РФ на территории республики крым,1293,0.875
4432,штрафы за нарушение санитарно эпидемиологического благополучия,126,1.0
4441,штраф за неповиновение полиции,1443,1.0
4447,штраф за нарушение ПДД разворот,681,0.8
4466,штрафы за нарушением охраны природы,416,1.0
4469,штрафные санкции за нарушение государственного оборонного заказа,1096,0.8
4494,штрафы по договору в 223-фз,1274,0.75
4500,штрафы за рекламу табака,893,1.0
4510,штраф за повреждение вагона,582,1.0
4516,Штрафы за послерейсовый медосмотр,626,1.0
4525,штраф за ликвидацию производственных мощностей без согласования госзаказчиком,1100,0.8
4528,штрафы по патенту,1440,1.0
4541,штраф за несвоевременное исполнение судебного решения,1229,0.75
4542,Штрафные санкции за нарушения трудовых прав,42,0.75
4552,штраф за ввод без разрешения,458,1.0
4574,штрафы полученные в доходы,1231,1.0
4584,штрафы за капитальный ремонт,446,1.0
4587,штрафы гостиничные услуги,1048,1.0
4589,"штраф за Нарушение требований законодательства, предусматривающих выделение на автомобильных стоянках (остановках) мест для специальных автотранспортных средств инвалидов",75,1.0
4600,штраф распоряжение,1358,1.0
4602,штраф спорт,155,1.0
4604,штраф от уклонения заключения коллективного договора,54,1.0
4605,штраф за нарушение порядка сбора персональных данных,798,1.0
4617,Штраф обязательное страхование гражданско ответственности,779,0.75
4634,штраф от суммы,1229,1.0
4646,штраф за медицинскую помощь,185,1.0
4652,штрафы муниципальным и государственным служащим,1602,1.0
4654,штраф за нарушение перевозки опасных грузов,728,1.0
4668,штраф за порчу паспорта,1570,1.0
4678,штраф потребительский займ,1103,1.0
4685,штрафы для юридических лиц за выброс вредных веществ в атмосферный воздух,369,0.7142857142857143
4691,штрафы за нарушение налогов,1126,1.5
4700,штраф к качеству работ,895,1.0
4704,штраф за представление заведомо ложных сведений,1545,0.75
4707,штраф за нарушение регистрации индивидуального предпринимателя,979,0.75
4719,штраф за загрязнение,417,1.0
4724,штраф по месту жительства,1561,1.0
4746,штраф за нарушение перевозки крупногабаритных,570,1.0
4755,штрафы заказ,252,1.0
4761,штраф за невнесение платы за негативное воздействие на окружающую,419,1.0
4762,штрафы на оптовом рынке,464,1.0
4771,штраф за повреждение пломбы,1442,1.0
4791,штраф негосударственный пенсионный фонд,1248,1.0
4794,"штраф за вред, причиняемого транспортными средствами",740,0.75
4795,штраф должностным лицам закупки,290,1.0
4796,штрафные санкции за нарушение условий предоставления субсидии,1154,0.8
4803,штраф за непредставление первичных статистических данных,823,0.75
4814,штраф за нарушение срока временного хранения товаров для граждан,1330,0.8333333333333334
4819,штраф за превышение,664,1.0
4825,штраф за осуществление предпринимательской деятельности без регистрации,865,1.0
4838,штраф за нарушение исполнения условий контракта,1096,0.75
4841,штрафы за нарушение оборота алкогольной продукции,954,1.0
4845,штраф за проведение земляных работ без разрешения,217,1.0
4851,штраф за остановку в местах для инвалидов,75,1.0
4853,штрафы за нарушение закона о налогах и сборах,1126,1.0
4862,штрафы за нарушение регистрации гражданина,1563,1.0
4865,штраф за нарушение законодательства об индивидуальном учете в системе обязательного пенсионного страхования,1272,0.875
4869,штрафы в соответствии с законодательством,1382,1.0
4870,штрафные санкции за нарушение эксплуатации помещения,127,0.75
4877,штраф аудиторское,121,1.0
4878,штраф родителям несовершеннолетнего,64,1.0
4912,штраф за проезд на сигнал светофора,676,1.0
4913,штрафы за нарушение предоставления информации об открытии и закрытии банковский счетов,1120,0.7142857142857143
4939,штраф за непредоставление отчета,88,1.0
4940,штраф за нарушение порядка,918,1.0
4958,штраф за управление транспортным средством,656,1.0
4968,штраф за нецелевое использование земельного участка,340,0.75
4980,штраф эпидемиологические требования,128,1.0
5002,штраф без знаков,618,1.0
5003,штрафы и последствия,175,1.0
5014,штраф за нецелевое,1139,1.0
5016,"штраф за переселения, акклиматизацию, правила гибридизации объектов животных",408,1.0
5024,штраф за получение паспорта,1573,1.0
5037,штраф за нарушение сроков сдачи таможенной декларации,1322,0.8
5052,штраф пребывание иностранного гражданина в россии,1403,0.75
5053,штраф при потребление алкогольной продукции,1678,1.0
5067,штраф платит налогоплательщик или налоговый агент,1127,0.75
5072,штраф за нарушение режима отдыха,613,1.0
5073,штраф за несвоевременное перечисление взносов,1126,1.0
5074,штраф управление государственным имуществом,1532,1.0
5079,штраф НАРУШЕНИЕ ВАЛЮТНОГО,1197,1.0
5081,штрафные санкции за нарушение требований охраны труда,49,0.8
5089,штраф за нарушение кассовых операций,1115,1.0
5092,штраф гражданская оборона,1648,1.0
5097,штраф уведомление о начале осуществления предпринимательской деятельности,1515,1.0
5110,штраф за бюджетной сметы,1157,1.0
5130,штраф за постановку на воинский учет,1710,1.0
5152,штраф по закону об осаго,780,0.8
5153,штраф на должника,1229,1.0
5172,штрафы в некоммерческих организациях,1613,1.0
5188,штраф за оказание услуг,848,1.0
5189,штрафы искажение,335,1.0
5191,штраф за нарушение правил рыболовства,413,1.0
5192,штраф по решению суда,1229,1.0
5195,штраф за аренду земельного участка,327,1.0
5196,штраф за недоставку товара,1317,1.0
5207,штраф при ликвидации,1100,1.0
5208,штрафы в системе обязательного пенсионного страхования,1272,1.0
5231,штраф за нарушение налоговый учет,1118,1.0
5232,штраф за нарушение ценообразование,918,1.0
5261,ШТРАФЫ ПО ПРОМЫШЛЕННОЙ БЕЗОПАСНОСТИ,431,1.0
5274,штраф по договору поставки товара,1055,1.0
5280,штраф за оружие,1659,1.0
5286,штраф за учет драгоценных металлов,1558,1.0
5289,штраф за использование транспортного средства,617,1.0
5294,штрафные санкции за нарушение требований пожарной безопасности,1636,0.8
5318,штраф муниципальному,1165,1.0
5323,штрафные санкции за нарушение организацией законодательства РФ,1110,0.8333333333333334
5327,штраф за курение <Об охране здоровья граждан от воздействия табачного дыма и последствий потребления табака>,175,0.9
5331,штраф за нарушение порядка формирования начальной максимальной цены контракта,252,0.8571428571428571
5334,штрафы за нарушение законодательства о контрактной системе,256,0.75
5341,штраф за нарушение водоохранной зоны,350,1.0
5342,штрафные проценты,1247,1.0
5345,штраф из обеспечения контракта,250,1.0
5354,штрафы за предрейсовые медосмотры,626,1.0
5357,штраф за нарушение закона о персональных данных,798,1.0
5359,штраф за нарушение правил перевозки крупногабаритных грузов,570,1.0
5366,штраф по страхованию жизни,625,1.0
5378,штраф за нарушение законодательства о муниципальных закупках,248,1.0
5380,штраф по налогам какой счет,1242,1.0
5385,штраф за срыв пломбы,1442,1.0
5388,штраф за отказ от заключения публичного договора,1274,1.0
5391,штраф опасное,727,1.0
5392,штрафы от пенсионного учет,1272,1.0
5395,штраф за проезд на запрещающий сигнал светофора,676,1.0
5399,штраф по гарантии,185,1.0
5423,штрафы за нарушение муниципальных услуг,105,1.0
5424,штраф подключение к сетям,782,1.0
5431,штраф перекресток,679,1.0
5440,штраф за противодействие терроризму,1500,1.0
5441,штраф за нарушения порядка в общественном месте,1630,1.0
5444,штраф заказчику,288,1.0
5445,штрафы на должностных лиц в сфере закупок,290,1.0
5450,штраф за нарушение промышленной безопасности,431,1.0
5453,штраф за самовольное подключение,230,1.0
5469,штрафы за нарушение правил технологического присоединения,481,1.0
5472,штраф на организацию и должностное лицо,946,1.0
5474,штраф за несвоевременное исполнение решения,1229,1.0
5482,штраф за нарушение законодательства,884,1.0
5488,штраф коммунальные,234,1.0
5493,штрафы в пфр учет,1272,0.75
5498,штрафы и пени за нарушение исполнения,1126,1.3333333333333333
5500,штраф за нарушение наличностью,1115,1.0
5504,штраф за ненадлежащее исполнение обязательств,1112,1.0
5512,штраф за нарушение правил проезда перекрестка,680,0.75
5518,штрафы на организацию за нарушение,1087,1.0
5520,штраф к обществу,1184,1.0
5529,штраф процедура,1334,1.0
5538,штрафы за незаконную трудовую деятельность иностранного гражданина,1409,0.8
5558,штраф специализированной организации,1248,1.0
5565,штраф договор найма жилого помещения,307,1.0
5587,штраф за бюджетное обязательство,1160,1.0
5593,штраф за нарушение правил дорожного,740,1.0
5600,штраф медицинское освидетельствование водителя,626,1.0
5602,штрафные санкции паспорт гражданина РФ,1559,0.8
5610,штрафы за управление домами без лицензии,881,1.0
5613,штраф исполнителю,326,1.0
5649,штраф с заказчика по контракту,288,1.0
5652,штраф за нарушение окружающей среды,417,1.0
5684,штрафы операторам связи,864,1.0
5690,штраф за не возврат бюджетного кредита,1142,1.0
5697,штрафы по просроченную задолженность физических лиц,1104,1.0
5706,Штрафы за использование несертифицированных средств связи,791,1.0
5709,Штраф администрации,946,1.0
5710,штрафы по проверкам,86,1.0
5715,штраф за нарушение налогоплательщиком срока представления в налоговый орган информации об открытии или закрытии счета,1120,0.9
5736,штраф за невыполнение заявки,430,1.0
5741,штрафы за нарушение хранения наркотических и психотропных,145,1.0
5782,штраф за выходные данные,835,1.0
5796,штраф за осуществление деятельности без государственной регистрации,865,1.0
5802,штраф за предрейсовый осмотр,626,1.0
5822,штрафы за нарушение порядка ценообразования,918,1.0
5823,штраф за рубку деревьев,384,1.0
5834,штрафы за несвоевременный возврат бюджетного кредита,1142,0.75
5843,штраф хранения документов,838,1.0
5846,штраф за груз,714,1.0
5870,штраф опасный груз,727,1.0
5873,штраф эмиссии,1169,1.0
5886,штрафы за нарушение использования земельный участков,350,1.0
5896,штраф за нарушение закона,30,1.0
5901,штраф по договору требование,1060,1.0
5905,штраф за управление транспортным средством без знака,618,1.0
5906,штраф по объектам,352,1.0
5908,штраф за нарушение определения цены гособорон заказ,252,0.8
5909,штраф по государственному контракту,1096,1.0
5917,штраф патент иностранный,1440,1.0
5919,штраф Нарушение санитарно-эпидемиологических требований к эксплуатации транспорта,127,1.0
5927,штраф за нарушения в области промышленной безопасности,431,1.0
5933,штраф статистическая форма перемещения товара,1533,1.0
5937,штрафы за нарушение условий договоров с контрагентами,1055,0.75
5961,штраф за предпринимательскую деятельность без регистрации,865,1.0
5979,штраф по налоговой проверке,1518,1.0
5993,штраф за просрочку исполнения,1126,1.0
6000,штраф за нарушение ПДД повлекшее причинение средней тяжести вреда здоровью,741,1.0
6003,штраф за несоблюдение квоты рабочих мест для инвалидов,73,0.8
6004,штраф за нарушение порядка и сроков хранения документов,90,1.0
6008,штрафы за нарушение законодательства по охране объектов культурного наследия,212,1.0
6013,штраф об информации о закрытии счетов,1120,1.0
6021,штраф светофор,676,1.0
6026,штраф стоянка инвалид тс,75,0.75
6032,штраф акт,1514,1.0
6033,штраф за непредставление документов (информации),1509,1.0
6035,штраф за пользование вагонами,582,1.0
6040,штраф за перевозку пассажиров,573,1.0
6055,штраф за беременность,190,1.0
6072,штрафы органов внутреннего финансового контроля,1509,1.0
6073,штраф за медицинскую деятельность,183,1.0
6077,Штраф за управления без прав,656,1.0
6079,штраф по закону о долевом участии в строительстве,992,0.75
6083,штрафы по прибыли,1577,1.0
6092,штрафные санкции за нарушение правил учета,831,0.75
6095,штраф за проживание без паспорта гражданина РФ,1559,1.0
6097,штраф за привлечение иностранных работников,1428,1.0
6098,штраф тяжеловесен,716,1.0
6105,штраф за нарушение бухгалтерской отчетности,1130,1.0
6106,штраф за чужое имущество,227,1.0
6118,штраф подрядчику,248,1.0
6125,штраф за технический регламент,1067,1.0
6147,штраф за разглашение,809,1.0
6149,штраф за неприменение контрольно-кассовой,903,1.0
6152,штраф за нарушение законодательства о рекламе 2005,11,0.75
6153,штраф за отказ от договора услуг,1274,1.0
6160,штраф за кражу,244,1.0
6165,штраф потребления табака несовершеннолетними,169,1.0
6168,штрафы по юрид.лиц и ип.,1111,0.75
6169,штраф за неисполнение требования неимущественного характера,1379,1.25
6173,штрафы по трудовому законодательству,42,1.0
6178,штраф на орган местного самоуправления,926,1.0
6181,штрафные уведомления,1437,1.0
6190,штрафы за грубые нарушения к бухучету и отчетности,1130,1.0
6197,штрафы за невозврат,1140,1.0
6201,штрафы и пени по страховым взносам,1126,1.0
6205,штрафные санкции за нарушение правил ведения учета,1282,0.8
6207,Штраф без прав,656,1.0
6220,штрафы от начальной максимальной цены контракта,252,1.0
6237,штраф за нарушение регистрации,1660,1.0
6238,штрафы федеральных дорог,729,1.0
6245,штраф за нарушение карантина,504,1.0
6270,Штрафы по валютному законодательству,1197,1.0
6271,штраф нецензурная брань,176,1.0
6282,штрафы ломбард,1226,1.0
6289,штрафы постановка на учет,1118,1.0
6297,штрафы внебюджетные фонды,1129,1.5
6305,штраф за декларацию,1121,1.0
6308,штраф за паспорт гражданина РФ,1559,1.0
6313,штраф признание,1708,1.0
6320,штраф по обращениям граждан,96,1.0
6327,штраф за размещение рекламы на автомобиле,1045,1.0
6337,штраф об открытии или закрытии счета,1120,1.0
6343,штрафы за нарушение образовательной деятельности,1603,1.0
6352,штраф за шум,372,1.0
6355,штраФ ПРИ ПЕРЕВОЗКЕ ТОВАРА,1294,1.0
6356,штрафы за нарушение исполнительного производства,1373,1.0
6370,штраф за нарушение правил перевозки крупногабаритных и тяжеловесных грузов,570,1.0
6378,штраф за нарушение хранения документов,838,1.0
6387,штраф реклама дорожный знак,1043,1.0
6392,штраф за размещение контракта,252,1.0
6407,штраф за нарушение режимов потребления электроэнергии,483,0.75
6409,штрафы за нарушение сроков сообщений банка,1120,0.75
6413,штрафов) за искажение информации,1138,1.0
6416,штрАФ без документов,1559,1.0
6417,штраф юридических лиц при не выполнении требований законодательства об обязательности проведения государственной экологической экспертизы,332,0.7
6442,штраф за продукты,228,1.0
6443,штрафы за уклонение от подписания государственных контрактов,254,0.75
6444,штрафы приватизации,1532,1.0
6446,штрафы от нарушения земельного,350,1.0
6461,штрафы и пени по налогам и страховым взносам,1126,1.0
6463,штраф срок налоговый,1121,1.0
6481,штраф юридические лица сроки,327,1.0
6506,штрафы по ГИС,825,1.0
6508,штраф за нарушение лесного законодательства,383,1.0
6534,штрафы за нарушения порядка с денежной наличностью,1115,1.0
6535,штраф по прекурсорам,141,1.0
6536,штраф за специальную оценку труда,1094,1.0
6540,штраф при несоблюдении требований по обращению с отходами,330,1.0
6550,штраф в суде,1361,1.0
6562,штраф документы подтверждающие,1550,1.0
6565,штраф за безбилетный,597,1.0
6569,штраф за несвоевременное бюджетное обязательство,1161,1.0
6601,штраф вред здоровью,740,1.0
6605,штраф за нарушение продажи алкогольной продукции,952,1.0
6609,штрафы за ведение образовательной деятельности,1603,1.0
6612,штраф за несвоевременную постановку на учет объекта оказывающего негативно воздействия,430,0.8571428571428571
6623,штрафы для уполномоченного органа муниципальные закупки,1509,1.0
6643,штраф присяжного заседателя,1361,1.0
6648,штраф за нанесение,645,1.0
6682,штраф миграционный учет,1592,1.0
6692,штраф за нарушение правил регистрации транспортного средства,1583,1.0
6693,штрафные санкции при выполнении государственного оборонного заказа,255,0.8
6696,штрафы за нарушение ведения кассовых операций с 2016г.,1115,0.8
6701,штраф паспорт,1559,1.0
6706,штраф за нецелевое использование бюджетных средств,1139,1.0
6711,штрафы за нарушения в бюджете,1149,1.0
6717,штраф за нарушение срока предоставления сведений об открытии или закрытии счета в банке,1120,0.75
6722,штрафы за трудовые нарушения,42,1.0
6741,штраф за не предоставление отчета,88,1.0
6766,штрафы по невыполнению окружающей среды,430,1.0
6780,штраф за остановку в местах,75,1.0
6792,штраф за нарушение порядка в суде,842,1.0
6817,штрафа при страховании ответственности перевозчика,625,1.0
6818,штраф за хранение товара,1330,1.0
6823,штраф охранная деятельность,1670,1.0
6824,штраф на финансовый орган,1509,1.0
6830,штраф за недекларирование товара,1300,1.0
6835,штраф за суд присяжных,1361,1.0
6836,штраф в обязательном порядке,836,1.0
6849,штрафы за отсутствие заключения,1652,1.0
6852,штрафы за нарушение регламента,1067,1.0
6858,штрафы и пени за страховые взносы в 2016,1126,1.0
6862,штрафы за нарушение условий,1154,1.0
6890,штраф за нарушение порядка обращения граждан,96,1.0
6891,штрафы правила пдд,740,0.75
6896,штраф за нарушение отходов,367,1.0
6907,штраф за постановку на налоговый учет,1118,1.0
6909,штраф за недобросовестную конкуренцию,1026,1.0
6912,штраф за несвоевременное исполнение решения суда,1229,1.0
6919,штраф такси,573,1.0
6920,штраф за персонифицированный учет в пфр,1272,0.8
6930,штраф за подачу неисправного транспортного средства,762,0.75
6935,штраф за радио,821,1.0
6937,штраф за нарушение закона о единстве измерений,1574,0.75
6942,штраф за нарушение проведения периодических медицинских осмотров,626,1.0
6972,штраф по памятникам,212,1.0
6977,штраф за регистрацию транспортного средства,1583,1.0
6981,штраф за пользование правом,207,1.0
6984,штраф за нарушение атмосферного воздуха,370,1.0
6995,штраф за нарушение требований охраны труда,49,1.0
7000,штраф государственных муниципальных нужд,248,1.0
7011,штрафы за нарушения норм трудового законодательство,42,1.0
7014,штрафы капитальный ремонт или реконструкция,446,1.0
7020,штраф за пиротехнические изделия,1650,1.0
7056,штрафы бюджетная отчетность,1156,1.0
7057,штраф за нарушение порядка ведения кассовых операций с июля 2016,1115,0.7142857142857143
7073,штраф обязательный аудит,119,1.0
7103,штраф по налогам и сборам,1126,1.5
7106,штрафы при исполнение государственных контрактов,1101,1.0
7121,штраф за нарушение правил пдд,740,0.8
7122,штраф за отпуск,9,1.0
7129,штраф за телефон,837,1.0
7132,штрафные санкции за повреждение или срыв пломбы,1442,0.75
7157,штрафы по охране объекта,212,1.0
7198,Штраф за незаконное привлечение иностранных граждан,1426,1.0
7202,штрафы за продажу алкогольной продукции,950,1.0
7212,штраф о защите прав,1104,1.0
7228,штраф за невнесение платы за негативное воздействие на окружающую среду,419,1.0
7239,штраф за нарушение закона об обязательном гражданском страховании ответственности,779,0.8333333333333334
7242,штраф за ремень,655,1.0
7244,штраф при оказании государственных и муниципальных услуг,1602,1.0
7252,штраф за опасный производственный объект,431,1.0
7256,штраф за навязывание дополнительных страховых услуг,1274,0.75
7266,штраф за деловую репутацию,16,1.0
7268,штрафы по идентификации,1320,1.0
7275,штрафы по возврату обеспечения заявки,290,1.0
7281,штраф правила стоянки,705,1.0
7286,штраф за использование печати с гербом россии,1555,0.75
7301,штрафы за нарушение законодательства об охране,212,1.0
7305,штраф маркировка продукции,1074,1.0
7307,штраф за бухгалтерскую (финансовую) отчетность,1130,1.0
7320,штраф за негативное воздействие на окружающую среду срок уплаты,419,0.8333333333333334
7326,штрафы за отходы,367,1.0
7343,штраф водный объект,352,1.0
7354,штраф за аварию,1313,1.0
7363,штрафы омс,1270,1.0
7369,штраф за представление персонифицированного учета,1272,1.0
7386,штраф за нарушение правил государственной регистрации транспортных средств,1583,1.0
7398,штраф за нахождение в состоянии опьянения,1682,1.0
7402,Штраф за несоблюдение экологических и санитарно-эпидемиологических требований,330,1.0
7403,штрафы акционеры,1184,1.0
7431,штраф за перевозку опасного груза,727,1.0
7436,штраф за качество товара,895,1.0
7438,штрафы по жилищному законодательству,307,1.0
7446,штрафы за нарушение отчетности,1156,1.0
7450,штраф за нарушение остановки в местах для инвалидов,75,1.0
7451,штраф за распространение персональных данных,798,1.0
7461,штрафы их значения,729,1.0
7476,штрафы за изменение сведений,1712,1.0
7478,Штрафы за незаконную организацию и проведение азартных игр,871,1.0
7496,штраф статистическая форма учета перемещения товаров,1533,1.0
7507,штраф за нарушение природа,416,1.0
7512,штраф за осуществление деятельности без регистрации,865,1.0
7528,штраф за остановку под знаком,713,1.0
7541,штраф за нарушение размещения,825,1.0
7553,штраф за рекламу на автомобиле,1044,1.0
7567,штраф за курение на месте,174,1.0
7575,штрафы за пожар,1639,1.0
7580,ШТРАФ электронно,290,1.0
7581,штраф не имеющий право управления,656,1.0
7585,штраф за нарушение строительных норм,440,1.0
7597,штраф под условием,1154,1.0
7598,Штраф за разметку,691,1.0
7601,штраф за причинение вреда здоровью пешехода средней тяжести,758,1.0
7607,штраф сведений о недобросовестных поставщиках,288,1.0
7618,штраф охота,409,1.0
7619,штрафы по предписанию,1460,1.0
7631,штраф за ложный перевод эксперта,1366,1.0
7639,штраф за умышленное уничтожение или повреждение информационных,17,1.0
7641,штраф за рекламную конструкцию,1042,1.5
7645,штраф за рекламу,884,1.0
7651,штраф за установка рекламной конструкции,1042,1.3333333333333333
7673,штраф за невыполнение предписания на должностных лиц,1460,1.0
7677,штраф за переоформление права постоянного (бессрочного) пользования,327,1.0
7678,штрафы за нарушение документации,518,1.0
7682,штраф за отход,367,1.0
7689,штраф за неисполнение или ненадлежащее исполнение обязательств,1112,1.0
7690,штраф за нарушение законодательства об образовании,92,1.0
7698,штрафы за нарушение ведения реестра контрактов,288,0.75
7703,штраф за появление в алкогольном опьянении в общественном месте,1681,0.8
7708,штраф в сфере безопасности дорожного движения,772,0.75
7720,штраф за незаконную продажу,883,1.0
7721,штраф о проведение азартных игр,871,1.0
7723,штраф за не исполнение приостановления по счету,1127,1.0
7731,штрафы поставщики заказчики,288,1.0
7738,штраф за езду без прав,656,1.0
7754,штраф от цены контракта,252,1.0
7765,штраф за нарушение порядка проведения собрания акционеров,1185,1.0
7766,штраф условно,1337,1.0
7770,штраф за неповиновение,1395,1.0
7771,штраф за персонифицированные сведения,1272,1.0
7789,штраф за древесину,387,1.0
7790,штраф пояснения,1366,1.0
7791,штраф за нарушение транспортного движения,752,1.0
7797,штрафы контролирующих органов,1370,1.0
7821,штраф за управление транспортным средством в состоянии алкогольного опьянения,659,0.8333333333333334
7825,штрафные санкции за негативное воздействие на окружающую среду,419,0.8
7837,штраф за нарушение порядка проведения общего собрания акционеров,1185,1.0
7849,штраф денежное обязательство,1196,1.0
7857,штраф за нарушение законодательства о политических партиях,120,1.0
7879,штраф за умышленное,623,1.0
7884,штраф за недостоверное декларирование,1070,1.0
7890,"штрафы при приемке товаров, работ, услуг",248,0.75
7907,штраф за поставку продукции,1100,1.0
7930,штраф стоянки для маломерных судов,567,1.0
7932,штраф инвалиды трудоустройство,73,1.0
7936,штрафы кассовые операции,1115,1.0
7943,штраф за нарушение законодательства о персонифицированном учете,1272,0.75
7945,штрафы и пени в 2016,1126,1.0
7946,штрафных санкций за незаконное привлечение иностранных граждан к трудовой деятельности,1426,0.8571428571428571
7954,штраф за нарушение продажи по алкогольной,952,1.0
7966,штраф за нарушение правил использования лесов,378,0.75
7970,штраф за нарушение договора,1096,1.0
7981,штраф за ограничение водоснабжения,490,1.0
7984,штрафы за воздействие на окружающую среду,419,1.0
7994,штраф за нарушение сроков при открытии и закрытии счета,1120,1.0
8004,штраф при раскрытии информации естественными монополиями,1545,1.0
8005,штраф за неисполнение требований исполнительного документа,1379,1.25
8015,штраф за занятие проституцией,139,1.0
8021,штрафные санкции профессиональных участников рынка ЦБ,1256,0.8333333333333334
8031,Штрафы за нарушение валютного законодательства РФ,1197,1.0
8032,штраф за провоз багажа,605,1.0
8036,штрафов за нарушение условий государственных контрактов,1096,1.0
8037,штраф за привлечение иностранного гражданина,1427,1.0
8043,штраф за пользование лес,378,1.0
8047,штраф за непредоставление сведений в информационную систему,1519,1.0
8051,штрафные санкции за несоответствие бюджетной росписи,1159,0.75
8052,штраф за несвоевременное перечисление налога,1126,1.0
8053,штраф за безбилетный проезд,597,1.0
8062,штраф за нарушение сроков возврата кредита,1142,1.0
8070,штраф по обязательному пенсионному страхованию,1272,1.0
8087,штраф государственный заказ,1096,1.0
8094,штраф за бездействие,1101,1.0
8106,штраф за подделку подписи,78,1.0
8108,штраф репутация,16,1.0
8116,штраф на рынке мощности,464,1.0
8131,штраф за самовольное подключение к системе водоснабжения,230,1.0
8149,штраф за установку,1658,1.0
8172,штрафы за реестр контрактов,288,1.0
8176,"ШТРАФ ЗА НАРУШЕНИЕ ПОРЯДКА СОСТАВЛЕНИЯ, УТВЕРЖДЕНИЯ БЮДЖЕТНЫХ СМЕТ",1157,1.0
8178,штраф за подключение,230,1.0
8180,штрафы за пользования водным ресурсом,208,1.0
8185,штрафы в контракте на оказание услуг связи,848,0.75
8193,штрафы за регистрацию юридического лица,979,1.0
8203,штраф за нарушение работ,511,1.0
8216,штраф за неисполнение обязанности по договору,1230,1.0
8225,штраф за сокрытие или искажении экологической информации,335,1.0
8228,штраф к ип как к юр.лицу,1111,0.75
8232,штраф за управление транспортным средством не имеющим право управления,656,0.8333333333333334
8235,штраф за нарушение прав потребителя,922,1.0
8237,штраф за негативное воздействие на окружающую среду,419,1.0
8248,штрафы за нарушение акционерного,1247,1.0
8249,штраф за нарушение валютного законодательства и актов,1197,0.75
8254,штраф за расчет по взносам,1121,1.0
8260,штраф за нецелевое использование средств,1139,1.0
8283,штраф оборудование вагонов,582,1.0
8286,штраф закон о персональных данных,798,1.0
8290,штраф за управление без удостоверения,568,1.0
8314,штраф за повреждение имущества,582,1.0
8340,штраф за проживание,1559,1.0
8344,штраф за качество,290,1.0
8345,штраф за несвоевременное представление декларации расчет,1121,0.75
8348,штраф за воду,128,1.0
8351,штрафы муниципальным учреждениям,1502,1.0
8369,штраф за нарушение о предоставление,1154,1.0
8380,штраф кредитной организации,1120,1.0
8385,штрафы на некоммерческие,1613,1.0
8400,штраф за строительство без проектной документации,449,1.0
8405,штрафные санкции за нарушении авторских прав,210,0.75
8409,штраф долевое участие в строительстве,992,1.0
8412,штраф аукцион,292,1.0
8416,ШТРАФНЫЕ САНКЦИИ В СИСТЕМЕ ОБЯЗАТЕЛЬНОГО ПЕНСИОННОГО СТРАХОВАНИЯ,1272,0.8
8420,штраф за работу без разрешения,222,1.0
8421,штрафы за отсутствие медицинского заключения,1652,1.0
8425,штраф за переезд,771,1.0
8429,штраф за привлечение к трудовой деятельности иностранного,1420,1.0
8432,штраф трудоустройство,73,1.0
8441,штрафные санкции за нарушение правил регистрации,1563,0.75
8443,штрафы по пенсионному страхованию,1272,1.0
8467,штраф без уведомления,622,1.0
8468,штраф за нарушение общественного порядка,1630,1.0
8475,штраф исполнителя по контракту,254,1.0
8480,штраф за управление тс не имеющим право управления,656,0.8333333333333334
8488,штраф за использование не по назначению,340,1.0
8493,штраф за нарушение правил хранения документов,831,1.0
8501,штраф пособия,72,1.0
8505,штраф несертифицированные средства связи,791,1.0
8506,штраф на продавца за нарушения изготовителя,1067,1.0
8518,штрафов за нарушение требований обеспечения безопасности перевозок пассажиров,766,1.0
8522,штраф за повестку,1711,1.0
8528,штрафы регулировщик,676,1.0
8530,штраф за пользование телефоном,778,1.0
8542,штраф за нарушение разметки,692,1.0
8545,штраф по договору найма,307,1.0
8560,"штраф за <Воспрепятствование законной деятельности должностного лица органа государственного контроля (надзора), органа муниципального контроля>",1456,0.8333333333333334
8564,штраф за ненадлежащее исполнение контракта,1101,1.0
8566,штрафы по кредитам,932,1.0
8576,штраф за содержание загрязняющих веществ,372,1.0
8590,штрафы за нарушение исполнения договора,307,1.0
8591,штраф от контрагента,1256,1.0
8593,штраф за остановку,705,1.0
8603,штрафы за нарушение подачи уведомления о иностранном сотруднике,1550,0.8
8609,штраф общественным объединениям,1700,1.0
8616,штраф за нарушение требований законодательства о контрактной системе,248,1.0
8626,штраф за незаконное привлечение к трудовой деятельности иностранных граждан без патента,1420,0.8571428571428571
8627,штраф за осуществление предпринимательской деятельности без лицензии,875,1.0
8636,штраф за несоблюдение требования об обязательном аудите,119,0.75
8645,штраф за нарушение комплектования документов,831,1.0
8656,штраф за просроченные права,1104,1.0
8661,штраф за нарушение срока возврата денежных средств как обеспечение,290,1.0
8664,штраф за принятие бюджетных обязательств,1160,1.0
8670,штраф за нарушение постановки на учет,1118,1.0
8683,штрафы по смете,1157,1.0
8687,штраф за вовлечение несовершеннолетнего в процесс потребления табака,169,1.0
8690,штраф по месту пребывания без регистрации,1561,1.0
8696,штраф за медосмотр,626,1.0
8706,штраф за неисполнение кредитного договора,1230,1.0
8737,штраф за установку рекламы,1042,1.0
8739,штраф за нарушение правил перевозки,734,1.0
8742,штрафы за нарушение обязательств,57,1.0
8744,штраф за самовольное,202,1.0
8752,штраф за нарушения в сфере управления многоквартирным домом,238,0.8
8754,штраф за нарушение хранения,1609,1.0
8755,ШТРАФЫ ПО ДЕНЕЖНЫМ ВЗЫСКАНИЯМ,1229,1.0
8759,штраф за нарушение правил остановки ТС,705,1.0
8760,штраф в алкогольном,1678,1.0
8781,штраф нарушений перевозки людей,734,1.0
8787,штрафы в налоговом законодательстве,1242,1.0
8796,штраф за пропаганду,163,1.0
8797,штраф за разъяснения,16,1.0
8802,штраф за уничтожение,392,1.0
8811,штраф за нарушение дорожного движения,740,1.0
8823,штрафы топливо,458,1.0
8825,штраф за нарушение в области обращения с отходами,987,0.75
8827,штраф сироте,66,1.0
8841,штраф за нарушение иммиграционных правил,1413,1.0
8845,штраф за продажу табачных изделий,1093,1.0
8849,штраф при загрязнении водных объектов,427,1.0
8852,штраф за деятельность без регистрации,865,1.0
8855,штраф пенсионный,1248,1.0
8863,штраф за нарушение законодательства о контрактной сфере,256,0.75
8869,штраф за осуществление предпринимательской деятельности без государственной регистрации,865,1.0
8872,штрафные санкции за ведение кассовых операций с нарушениями,1115,0.8
8878,штраф за нарушение пдд поворот,681,0.8
8887,штрафы на автомобильных дорогах федерального значения,729,1.0
8904,штрафные санкции за нарушение сроков работ,306,0.75
8905,штраф без регистрации по месту пребывания,1561,1.0
8918,штраф за неприменение,903,1.0
8946,штраф за несвоевременное представление форм статистической отчетности,1533,0.8
8954,штраф переселения,408,1.0
8965,штраф за пешехода,704,1.0
8982,штрафы за нарушения ветеринарно-санитарных правил,508,1.0
9001,штраф пдд москва,754,0.75
9003,штраф за нарушение ветеринарных правил,508,1.0
9005,штрафные санкции за нарушение бухгалтерского учета,1130,0.75
9006,штрафные санкции за производство этилового спирта,954,0.75
9008,штраф на задолженность,1104,1.0
9010,Штраф за нарушение регистрации по месту жительства,1563,1.0
9011,штраф за невыплату пособия,72,1.0
9022,штраф и пени за несвоевременное,1126,1.0
9036,штраф за незаконное изменение правового режима земельных участков,226,1.0
9042,штрафы за нарушения иностранного гражданина,1396,1.0
9057,Штрафы за нарушения правил перевозки пассажиров,573,0.75
9058,штрафы за нарушение законодательства РФ о контрактной системе в сфере закупок,256,0.875
9077,штрафы аккредитованной организации,1110,1.0
9088,штраф за осуществление перевозок без разрешения,620,1.0
9091,штраф в отношении иностранной организации,1432,1.0
9103,штрафы за несвоевременную постановку на гос. учет,430,0.75
9114,штраф за нарушение о закрытии,1120,1.0
9124,штраф за нарушение режима труда и отдыха,613,1.0
9126,штраф за нарушение правил перевозки грузов тяжеловесными транспортными средствами,722,0.7142857142857143
9132,штрафы акционерным обществам,1247,1.0
9140,штраф за нарушение учета,962,1.0
9143,Штрафы за несоблюдение условий договора поставки,1060,0.75
9151,штраф за несвоевременное представление документов,1041,1.0
9152,штраф за уклонение от исполнения,1688,1.0
9153,штраф за сточные воды,490,1.0
9160,штраф за нарушение раскрытия,464,1.0
9161,штраф доход,140,1.0
9170,штраф за самовольное занятие землей,194,1.0
9173,штрафные санкции за нарушение порядка проведения периодического мед.осмотра,626,0.7142857142857143
9201,штраф за нарушение закона о табаке,171,1.0
9208,штраф железнодорожного пути,670,1.0
9216,штраф за нарушение правил строительства,785,1.0
9220,штраф по закону ОСАГО,780,0.8
9229,штраф за неподачу сведений по некоммерческим организациям,1517,0.75
9241,штраф исполнение в суде,1229,1.0
9242,штрафные санкции за ненадлежащее исполнение обязательств,1112,0.75
9245,штрафы за неисполнение государственного,1128,1.0
9247,штраф за несвоевременную подачу заявки о постановке объекта на гос учет,430,0.8571428571428571
9268,штраф гостиницы,1048,1.0
9269,штрафные санкции за нарушение государственного контракта,1096,0.75
9272,штраф за утрату или умышленную порчу паспорта,1570,1.0
9276,штраф за информацию о закупках,294,1.0
9308,штраф за нарушение сроков хранения документов,90,1.0
9311,штраф авторские права,210,1.0
9326,штраф открыт* мор*,363,1.0
9335,штрафы за нарушение санитарно-эпидемиологического законодательства,126,1.0
9356,штраф за нарушение законодательства при долевом строительстве,992,1.0
9367,штраф за использование полосы отвода,611,1.0
9374,штраф за земляные работы,217,1.0
9375,Штрафы за нарушение Санитарных правил,395,1.0
9381,штраф на нарушение бюджетной отчетности,1156,1.0
9392,штраф за нарушения в проведении специальной оценки условий труда,1094,1.0
9396,штраф за нарушение о постановке на учет в налоговой,1118,1.0
9398,"штраф и пени по налогам, сборам и взносам",1126,1.25
9399,штраф за нарушение правил хранения наркотических средств,145,1.0
9405,штраф по договору займа,1230,1.0
9417,штрафы за нарушение законодательства в сфере образования,92,0.75
9420,штраф за реконструкцию,444,1.0
9442,штрафы за использование не по целевому назначению земельного участка,340,1.0
9445,штраф за использование земельного участка,350,1.0
9447,штраф за открытие счета,1124,1.0
9463,штрафы на автомобильных дорогах общего пользования федерального значения,729,1.0
9465,штраф органов пфр,1272,0.75
9470,штрафы за незаконное привлечение иностранных граждан к трудовой деятельности,1426,1.0
9473,штраф за отсутствие контроля за транспортными средствами,613,0.75
9481,штраф за выпуск на линию,759,1.0
9495,штраф за нарушение порядка работы с денежной наличностью и порядка ведения кассовых операций,1115,0.8888888888888888
9502,штраф за нарушение налогоплательщиком срока представления об открытии или закрытии счета,1120,0.8571428571428571
9503,штраф за уступку,207,1.0
9506,штрафы за требования охраны труда,49,1.0
9521,штраф за нарушение от физического лица,1106,1.0
9527,штраф за нарушение правил использования воздушного пространства,537,1.0
9532,штраф на банк за неисполнение решения суда,1229,0.75
9541,штраф за уклонение от заключения контракта,254,1.0
9561,штрафы за нарушение правил охоты,409,1.0
9562,штраф за нарушения оборота этилового спирта,954,1.0
9577,штраф за нарушение срока расчета по взносам,1121,1.0
9580,штрафы по ценам,1011,1.0
9591,штрафы по энергосбережения,468,1.0
9593,штраф содержание дорог,772,1.0
9594,штраф за табачные изделия,890,1.0
9595,штраф обман,920,1.0
9602,штраф за нахождение в алкогольном состоянии,1682,1.0
9604,штрафы за нарушение законодательства рф о контрактной системе,256,0.8333333333333334
9612,штраф за неисполнения распоряжения,1358,1.0
9639,штраф за нарушение условий поставки товара,1061,0.75
9648,штраф за дискриминацию,101,1.0
9664,штрафы за нарушение производства,500,1.0
9671,штрафы и пени по взносам,1126,1.5
9672,штрафные санкции по кредитному договору организации,1230,0.75
9678,"штраф вреда, причиняемого автомобильным дорогам общего пользования",729,1.0
9679,Штраф за нарушение при проведении строительных работ,445,0.75
9681,штраф за нарушение правил перевозки пассажиров легковым такси,573,0.8333333333333334
9683,штраф за нарушение требований к рекламе,1042,1.0
9688,штраф изменения,299,1.0
9728,штраф за распитие алкогольной продукции на месте,1678,1.0
9731,штрафы за нарушение КоАП РФ в бюджет,1149,0.7142857142857143
9738,штраф на пристава за неисполнение,1359,1.0
9742,штрафы трудовой,42,1.0
9755,штраф за нарушение порядка персональных данных,798,1.0
9760,штраф за нарушение обязанностей,862,1.0
9767,штрафы за нарушение правил перевозок пассажиров и багажа легковым такси,573,0.8571428571428571
9769,штраф за мощность,464,1.0
9782,штрафы конфликт интересов,181,1.0
9794,штраф расчет,1121,1.0
9795,штраф за негативное воздействие,419,1.0
9814,штраф за пешехода ПДД,754,1.0
9819,штрафы за несоблюдение экологических требований,329,1.0
9820,штраф за нарушения при осуществлении закупки,262,1.0
9832,штрафные санкции за нецелевое использование средств,1139,0.75
9856,штраф за нарушение пожарной безопасности в лесах,398,1.0
9864,штраф за нарушение перечисление налога (сбора),1126,1.25
9881,штраф за несвоевременный возврат денежных средств,290,0.75
9883,штраф за отказ от договора,56,1.0
9897,штраф за нарушение правил регистрации по месту жительства,1563,1.0
9900,штрафы за нарушение трудовых прав,42,1.0
9903,штраф за торги,969,1.0
9911,штраф за несвоевременное представление об открытии счета в банке,1120,0.8
9915,штрафные санкции о нарушении исполнительного производства,1373,0.75
9929,штраф за обгон,686,1.0
9945,штраф за нарушение остановки,705,1.0
9950,штрафуются ли религиозные организации,1700,1.0
9952,штрафы при неисполнении государственного заказа,1101,1.0
9959,штраф за нарушение государственного контракта,1096,1.0
9975,штрафные санкции по условиям договора поставки,1055,0.75
9980,штраф дорожные знаки,1043,1.0
9981,штраф за нарушение норма трудового права,42,1.0
9984,штраф от уклонения от подписания коллективного договора,54,0.75
10002,штраф за использование персональных данных,798,1.0
10004,штраф за распитие несовершеннолетних,1682,1.0
10012,штраф за Невыполнение требований норм и правил по предупреждению и ликвидации чрезвычайных ситуаций,1646,0.875
10017,штраф за предоставление муниципальной услуги,105,1.0
10020,штраф 30 процентов,1247,1.0
10031,штраф за ведение документации кассовых операций,1115,0.75
10059,штраф за газовое оборудование,492,1.0
10065,штрафы по избирательной комиссии,2,1.0
10073,штрафы по лицензии недра,199,1.0
10081,штрафные санкции за осуществление предпринимательской деятельности без лицензии,875,0.8
10088,штрафы за отчетность,1329,1.0
10106,штрафы с оборота продукции,954,1.0
10110,штраф за разглашение информации,809,1.0
10126,штраф нарушение фсс,1266,1.0
10151,штраф за получение паспорта гражданина,1573,1.0
10159,штраф за порчу,337,1.0
10161,штраф за нарушение предпринимательской деятельности,238,1.0
10166,штраф перевозка,734,1.0
10167,штраф за нарушение порядка работы с денежной наличностью,1115,1.0
10176,штраф объекты культурного наследия,218,1.0
10178,штраф за ДТП,749,1.0
10193,штраф за несвоевременное открытие счета в банке,1120,0.75
10202,Штраф- это налог или сбор?,1126,1.0
10208,"штрафы, пени по пенсионным взносам",1126,1.0
10226,штрафы за нарушения требований охраны,345,1.0
10229,штраф за дерево,384,1.0
10252,штраф по сообщениям,820,1.0
10258,штрафы по ПДД штрафы,740,0.75
10269,штраф за использование газового оборудования,492,1.0
10271,штрафы за нарушение коммунальных,234,1.0
10274,штраф за нарушение закона об охране труда,49,1.0
10275,штраф за дисквалифицированное лицо,967,1.0
10277,штраф за нарушение срока доставки,842,1.0
10293,ШТРАФ ИНОГО ОРГАНА,1710,1.0
10310,штраф за ненадлежащее исполнение государственного контракта поставки,1101,0.8
10318,штрафы за нарушения хранения архивной документации,831,0.75
10321,штрафы за нарушение строительных норм и правил,440,1.0
10322,штраф в уставе,836,1.0
10335,Штраф по налогам при налоговой проверки,1518,1.0
10345,штрафы за загрязнявшие вещества,372,1.0
10348,штраф на владельца,854,1.0
10357,штрафы муниципальное задание,1165,1.0
10363,штраф за нарушение законодательства об объектах культурного наследия,212,1.0
10365,штрафные санкции за нарушение санитарных правил,395,0.75
10371,штрафы за переработку,228,1.0
10376,штраф - исполнительный документ,1379,1.5
10388,штраф за нарушения условий договора оборонного заказа,1096,1.0
10415,штраф за непредставление информации в банк россии,1512,1.0
10417,штраф за допуск к управлению,769,1.0
10418,Штраф за проституцию,139,1.0
10421,штраф* платежный документ,1166,1.0
10424,штраф за земельного участка,194,1.5
10427,штраф по контракту реестр недобросовестных,288,1.0
10430,штраф грубые бухгалтерской отчетности,1130,1.0
10454,штраф агенту,1127,1.0
10464,штраф в гражданском,1648,1.0
10467,штрафы представление документов,1041,1.0
10476,штрафы муниципальный контроль,1450,1.0
10489,"штраф ПОДАЧИ УВЕДОМЛЕНИЙ О НАЛИЧИИ У ГРАЖДАНИНА РОССИЙСКОЙ ФЕДЕРАЦИИ ИНОГО ГРАЖДАНСТВА ЛИБО ВИДА НА ЖИТЕЛЬСТВО ИЛИ ИНОГО ДЕЙСТВИТЕЛЬНОГО ДОКУМЕНТА, ПОДТВЕРЖДАЮЩЕГО ПРАВО НА ЕГО ПОСТОЯННОЕ ПРОЖИВАНИЕ В ИНОСТРАННОМ ГОСУДАРСТВЕ",1550,0.95
10500,штраф образовательной организации,91,1.0
10503,штраф за нарушение о труде и охране труда,49,0.75
10507,штраф за несвоевременное перечисление страховых взносов,1126,0.75
10513,штрафы за невыполнения должностных,1363,1.0
10514,штрафы за нарушение законодательства РФ о контрактной системе закупок,256,0.8571428571428571
10518,штраф за неисполнение исполнительного документа,1379,1.3333333333333333
10522,штраф за реализацию продукции,1073,1.0
